﻿<?xml version="1.0" encoding="utf-8" standalone="no" ?>
<placeable>
    <storeData>
        <name>$l10n_GlobalCompanyPlaceable_AnimalStableStorages_slurryStorage_shoptItem</name>
        <image>store_slurryStorage.dds</image>
        <price>30000</price>
        <dailyUpkeep>5</dailyUpkeep>
        <lifetime>1000</lifetime>
        <rotation>0</rotation>
        <brand>GCPLACEABLE</brand>
        <specs>
            <capacity>500000</capacity>
            <fillTypes>liquidManure</fillTypes>
        </specs>
		<functions>
			<function>$l10n_GlobalCompanyPlaceable_AnimalStableStorages_slurryStorage_description</function>
        </functions>
        <species>placeable</species>
        <category>globalCompanyPlaceable</category>
    </storeData>

    <placeableType>GC_ProductionFactoryPlaceable</placeableType>
    <filename>GuelleStorage.i3d</filename>
    <placement testSizeX="1" testSizeZ="1" sizeX="1" sizeZ="1" useRandomYRotation="false" useManualYRotation="true" />
	
	<tipOcclusionUpdateArea sizeX="1" sizeZ="1" />		
	
	<!--clearAreas>
        <clearArea startIndex="3|0" widthIndex="3|1" heightIndex="3|2"/>
    </clearAreas>
	
	<leveling requireLeveling="true" maxSmoothDistance="5" maxSlope="30" maxEdgeAngle="20" >
        <levelAreas>
            <levelArea startNode="3|0" widthNode="3|1" heightNode="3|2" groundType="asphalt"/>
        </levelAreas>
    </leveling-->

    <seasons>
        <maskAreas>
            <maskArea startNode="3|0" widthNode="3|1" heightNode="3|2" />
        </maskAreas>
    </seasons>	
	
    <triggerMarkers>
        <triggerMarker node="5" />
    </triggerMarkers>
	
	<productionFactories>
		<productionFactory indexName="SLURRYSTORAGE" saveId="globalCompany_slurryStorage">
			<guiInformation title="GlobalCompanyPlaceable_AnimalStableStorages_slurryStorage_shoptItem" imageFilename="store_slurryStorage.dds" description="GlobalCompanyPlaceable_AnimalStableStorages_slurryStorage_description" cameraFeed="guiCamera"/>
			
			<operation updateDelayMinutes="5" showInGlobalGUI="true" />
		
			<registerLoadingTriggers>
				<loadingTrigger name="LoadingTriggerLiquid" triggerNode="liquidFillTriggerOut" fillLitersPerSecond="500" autoStart="true">
					<sounds>
						<fillingSample template="SLURRY_01" linkNode="0" />
					</sounds>
					<manureSystemConnectors node="connector_vis_out" fillType="liquidManure" >
						<connector type="coupling" node="2|1" lockAnimationIndex="1" manureFlowAnimationIndex="2"/>
					</manureSystemConnectors>
				</loadingTrigger>
			</registerLoadingTriggers>
			
			<registerInputProducts headerTitle="GlobalCompanyPlaceable_AnimalStableStorages_slurryStorage_header_in">				
				<inputProduct name="IP" capacity="50000" title="$l10n_fillType_liquidManure" > 
					<fillTypes>
						<fillType name="liquidManure" />
					</fillTypes>
					
                    <inputMethods>
                        <animalTrough searchNode="input" modulName="liquidManure" />
                    </inputMethods>
				</inputProduct>
			</registerInputProducts>
			
			<registerOutputProducts headerTitle="GlobalCompanyPlaceable_AnimalStableStorages_slurryStorage_header_out">
				<outputProduct name="OP" fillType="liquidManure" capacity="500000" >
					<outputMethods>
						<loadingTrigger name="LoadingTriggerLiquid" />						
					</outputMethods>

					<digitalDisplays>
						<display displayType="LEVEL" numbers="DisplayOut" emptyNumberColor="0 1 0 1" numberColor="1 1 0 1" fullNumberColor="1 0 0 1"/>
					</digitalDisplays>
					
					<movers>
						<mover node="liquidManurePlane">
							<translation minimum="0.54000002 0.302396 0.0866724" maximum="0.54000002 4.39219522 0.0866724" />
						</mover>
					</movers>	
				</outputProduct>
			</registerOutputProducts>
			
			<productLines>
				<productLine autoLineStart="true" outputPerHour="1000000" title="GlobalCompanyPlaceable_AnimalStableStorages_slurryStorage_shoptItem" showInGUI="true">
					<inputs>
						<inputProduct name="IP" percent="100" />
					</inputs>
					<playerTrigger playerTriggerNode="PlayerTrigger" showPopupUI="true"/>	
					<outputs>
						<outputProduct name="OP" percent="100" />
					</outputs>													
				</productLine>				
			</productLines>	
			
			<i3dMappings>  
				<i3dMapping id="liquidFillTriggerOut" node="1|0"/>
				<i3dMapping id="DisplayOut" node="1|1"/>
				<i3dMapping id="liquidManurePlane" node="1|2"/>
				<i3dMapping id="PlayerTrigger" node="2"/>
				<i3dMapping id="guiCamera" node="6"/>
    			<i3dMapping id="connector_vis_out" node="7"/>
               	<i3dMapping id="input" node="1"/>
			</i3dMappings>				
		</productionFactory>
	</productionFactories>	

	<animatedObjects>		
		<animatedObject>
			<animation duration="0.25">
				<part node="7|1">
                    <keyFrame time="0.0" rotation="0 0 0"/>
                    <keyFrame time="1" rotation="0 0 -125"/>
                </part>
                <part node="7|2">
                    <keyFrame time="0.0" rotation="0 0 0"/>
                    <keyFrame time="1" rotation="0 0 -15"/>
                </part>
                <part node="7|2|0">
                    <keyFrame time="0.0" rotation="0 0 0"/>
                    <keyFrame time="1" rotation="0 0 5.45"/>
                </part>           
			</animation>
		</animatedObject>
		<animatedObject>
			<animation duration="0.25">
				<part node="7|3">
                    <keyFrame time="0.0" rotation="0 0 0"/>
                    <keyFrame time="1" rotation="0 0 90"/>
                </part>
                <part node="7|3|0">
                    <keyFrame time="0.0" rotation="0 0 0"/>
                    <keyFrame time="1" rotation="0 0 -124"/>
                </part>
                <part node="7|4">
                    <keyFrame time="0.0" translation="-0.074 -0.059 0.003"/>
                    <keyFrame time="1" translation="-0.074 0.071 0.003"/>
                </part>
			</animation>
		</animatedObject>
	</animatedObjects>

</placeable>